health_condition,count,rate
at-risk,592561,0.8586745458550213
unhealthy,57724,0.08364730295266691
fit,39803,0.057678151192311705
