missing_count,at-risk,fit,unhealthy
0,0.8580327953252503,0.05727311990343885,0.08469408477131081
1,0.858669106208742,0.0578679262011655,0.08346296759009245
2,0.861261657461422,0.05900842053524078,0.07972992200333717
3,0.8609148382298252,0.056377835626627,0.08270732614354778
4,0.854631507775524,0.06355645706558485,0.08181203515889114
5,0.8850574712643678,0.05747126436781609,0.05747126436781609
6,0.7777777777777778,0.1111111111111111,0.1111111111111111
