feature,train_mean,test_mean,train_median,test_median,train_std,test_std,ks_statistic,ks_pvalue
water_intake,2.18854223018167,2.1915079748845265,2.17,2.18,0.5184894887561875,0.5187708093419656,0.003355353904441305,0.025298844920417785
step_count,8615.953050407294,8626.630524278009,8856.0,8857.0,3929.3998307583347,3924.64667683087,0.0023471120123607636,0.2133898569105005
heart_rate,75.09650428358898,75.07955956989835,75.1,75.1,8.175106424643563,8.115118446383377,0.0019988847186093173,0.3862898307686933
sleep_duration,6.992597310813255,6.993516843857103,6.99,6.99,1.2154067205430614,1.2163692716264922,0.0017913672653341317,0.5948420109224519
calorie_expenditure,2226.0849309909217,2225.5149413586914,2241.0,2240.0,347.5320976009461,347.81676091513486,0.0016802690150863886,0.6523745540751539
exercise_duration,38.75145557512072,38.796712375552865,39.4,39.4,14.742189352252645,14.711180294016359,0.0016475278212914057,0.6335037435805897
bmi,22.98492504917257,22.984661159363277,22.99,22.99,2.481786645204862,2.4787083976009683,0.0011254467256537337,0.9591052418886299
