feature,iqr_low,iqr_high,iqr_outlier_rate,quantile_low,quantile_high,quantile_outlier_rate
sleep_duration,3.685000000000001,10.284999999999998,0.00292716291255608,3.85,9.96,0.00843515609603413
heart_rate,52.45000000000001,97.65,0.0040936808059262005,54.0,95.3,0.009695864875204322
bmi,16.310000000000002,29.67,0.0077555326277228415,16.55,29.4,0.009671230335841226
calorie_expenditure,1448.5,3060.5,0.018593280856934187,1312.0,3093.0,0.009091594115533091
step_count,-4698.5,22201.5,0.0,1136.0,14863.0,0.009626308528767346
exercise_duration,-1.0999999999999979,79.69999999999999,0.000150705417280115,0.0,70.1,0.004883435156096034
water_intake,0.8500000000000002,3.4899999999999998,0.016502243192172594,0.66,3.56,0.008922050521092961
